"","License","Y2021","Y2020","Y2019","Y2018","Y2017","Y2016"
"2","Aquaculture (AL)",151,157,139,123,1,NA
"3","Carrier (CAR)",40,NA,NA,NA,NA,NA
"4","Commercial Fishing Crew (CFC)",1127,1095,1087,1069,1086,960
"5","Commercial Fishing Single (CFS)",881,767,937,934,962,875
"6","Commercial Pelagic and Anadramous Crew (CPC)",NA,NA,NA,265,180,108
"7","Commercial Pelagic and Anadramous Single (CPS)",NA,NA,NA,197,194,107
"8","Commercial Pelagic and Anadromous Crew (CPC)",343,645,475,31,NA,NA
"9","Commercial Pelagic and Anadromous Single (CPS)",168,319,295,20,NA,NA
"10","Commercial Shellfish (CS)",1528,1531,1536,1400,1463,1715
"11","Commercial Shellfish +70 (CSO)",69,68,62,64,70,64
"12","Commercial Shellfish Under 18 (CSU)",108,108,106,74,82,118
"13","Demo Scuba (DS)",1,1,1,1,1,1
"14","Eel Pot/Hoop Net (EP)",23,18,23,25,19,20
"15","Elver 1 Fyke Net (E1)",157,159,148,149,148,132
"16","Elver 1 Fyke Net Crew (E1C)",58,63,68,57,56,55
"17","Elver 2 Fyke Nets (E2)",49,47,44,46,46,48
"18","Elver 2 Fyke Nets Crew (E2C)",38,44,48,45,42,41
"19","Elver Dip Net (E0)",74,77,75,86,79,105
"20","Elver Dip Net 1 Fyke Net (E6)",10,10,8,14,15,20
"21","Elver Dip Net 1 Fyke Net Crew (E6C)",5,6,8,4,5,4
"22","Elver Dip Net Crew (E0C)",21,16,17,19,20,15
"23","Green Crab (GC)",106,134,113,111,107,110
"24","Lobster/Crab +70 (LCO)",271,287,262,268,259,254
"25","Lobster/Crab Apprentice (LA)",213,205,263,296,344,387
"26","Lobster/Crab Apprentice +70 (LAO)",2,2,1,1,4,2
"27","Lobster/Crab Apprentice Under 18 (LAU)",33,33,23,20,26,21
"28","Lobster/Crab Class 1 (LC1)",1225,1271,1275,1239,1195,1258
"29","Lobster/Crab Class 2 (LC2)",1643,1695,1708,1777,1848,1946
"30","Lobster/Crab Class 2 +70 (LC2O)",302,309,304,305,299,274
"31","Lobster/Crab Class 3 (LC3)",1561,1474,1505,1514,1512,1435
"32","Lobster/Crab Class 3 +70 (LC3O)",125,117,122,123,118,110
"33","Lobster/Crab student (LCS)",1171,1107,1178,1209,1259,1217
"34","Lobster/Crab under 18 (LCU)",20,33,25,31,37,24
"35","MAL ELVER 1 FYKE (MAEF)",8,9,9,8,8,8
"36","MAL ELVER DIP (MAED)",6,4,5,5,6,5
"37","Marine Worm Digging (MWD)",608,804,775,812,896,896
"38","Menhaden Commercial (MENC)",415,2,NA,NA,NA,NA
"39","MIC COMM SHELLFISH (MICS)",NA,NA,NA,2,4,NA
"40","MIC ELV DIP 1 FYKE (MIDF)",6,5,6,6,1,7
"41","MIC ELV DIP 1 FYKE CREW (MIDFC)",2,NA,NA,NA,NA,1
"42","MIC ELVER 1 FYKE (MIEF)",NA,NA,NA,NA,7,NA
"43","MIC LOB/CRAB CLASS 1 (MLC1)",NA,2,4,2,2,2
"44","MIC MARINE WORM (MIMWD)",NA,NA,NA,1,2,NA
"45","MIC SCALLOP DIVER WITH TENDER (MISDT)",1,1,1,NA,NA,2
"46","MIC SCALLOP DRAGGER (MISD)",2,3,3,3,2,2
"47","Mussel Dragger (MD)",20,25,17,20,21,22
"48","Mussel Hand (MH)",26,18,16,28,30,26
"49","PASS APPR LOBSTER (PAL)",1,1,NA,NA,NA,NA
"50","PASS COMM FISH CREW (PCFC)",NA,5,NA,5,15,NA
"51","PASS COMM FISH SINGLE (PCFS)",NA,37,NA,56,95,109
"52","PASS COMM PELAGIC SINGLE (PCPS)",NA,NA,NA,NA,NA,1
"53","PASS COMM SHELLFISH (PCS)",77,27,71,46,72,159
"54","PASS ELVER 1 FYKE (PELF)",379,394,339,224,181,147
"55","PASS ELVER 1 FYKE CREW (PELFC)",NA,NA,NA,NA,2,NA
"56","PASS ELVER DIP (PELD)",253,339,395,471,523,544
"57","PASS ELVER DIP CREW (PELDC)",2,3,NA,NA,2,NA
"58","PASS LOB/CRAB CLASS 1 (PLC1)",NA,NA,NA,1,NA,3
"59","PASS LOB/CRAB CLASS 2 (PLC2)",NA,NA,NA,NA,NA,1
"60","PASS LOB/CRAB CLASS 3 (PLC3)",15,11,8,9,16,7
"61","PASS SCALLOP DIVE (PSDI)",NA,NA,NA,NA,1,4
"62","PASS SCALLOP DRAGGER (PSD)",14,10,10,12,19,19
"63","PASS SEAWEED (PSW)",NA,NA,NA,1,1,NA
"64","PASS SUST COMM FISH (PSCF)",2,NA,NA,9,15,1
"65","PASS SUST LOBSTER (PSUL)",2,3,4,9,18,NA
"66","PASS SUST SCALLOP (PSUS)",1,2,5,8,13,1
"67","PASS SUST SEA URCHIN (PSSU)",1,NA,4,6,9,1
"68","PASS SUST SHELLFISH (PSSH)",3,2,8,9,17,11
"69","PASS URC/SCAL TENDER (PTEN)",NA,NA,NA,1,1,1
"70","PASS URCHIN DIVER (PSUH)",7,3,2,3,5,6
"71","PASS URCHIN DRAGGER (PSUB)",6,6,6,9,14,11
"72","PENOB APPR LOBSTER (NBAL)",1,NA,NA,NA,NA,1
"73","PENOB COMM FISH SINGLE (NBCFS)",3,2,2,4,3,NA
"74","PENOB COMM SHELLFISH (NBCS)",5,NA,NA,2,5,NA
"75","PENOB ELVER 1 FYKE (NBEF)",28,26,19,28,26,21
"76","PENOB ELVER 2 FYKE (NBEF2)",5,7,6,7,7,7
"77","PENOB ELVER 2 FYKE CREW (NBEF2C)",1,NA,NA,NA,NA,NA
"78","PENOB ELVER DIP (NBED)",11,12,11,12,14,20
"79","PENOB ELVER DIP 1 FYKE (NBEDF)",3,3,11,1,1,NA
"80","PENOB MUSSEL DRAGGER (NBMD)",1,2,NA,2,1,NA
"81","PENOB MUSSEL HAND (NBMH)",NA,1,NA,NA,NA,NA
"82","PENOB SCALLOP DRAGGER (NBSD)",3,2,NA,2,2,NA
"83","PENOB SUST FISH (NBSF)",1,NA,NA,NA,NA,NA
"84","PENOB SUST LOBSTER (NBSL)",5,NA,4,NA,NA,NA
"85","PENOB SUST SCALLOP (NBSC)",1,NA,2,NA,NA,NA
"86","PENOB SUST SHELLFISH (NBSS)",1,NA,1,NA,NA,NA
"87","Quahog Mahogany (QM)",22,21,24,27,25,20
"88","Recreational Saltwater Fishing Operator (SWRO)",862,679,193,211,179,132
"89","Scallop Diver (SDI)",25,22,23,21,22,25
"90","Scallop Diver with Tender (SDT)",47,48,51,53,55,52
"91","Scallop Dragger (SD)",498,499,505,514,519,525
"92","Sea Cucumber Drag (SCD)",5,5,6,8,8,8
"93","Sea Urchin Diver (SUH)",51,56,53,63,66,66
"94","Sea Urchin Dragger (SUB)",107,120,122,123,131,137
"95","Sea Urchin Raking (SUR)",1,1,1,1,1,1
"96","Sea Urchin with Tender (SUWT)",57,62,73,74,75,80
"97","Seaweed (SW)",132,124,132,137,133,134
"98","Surf Clam Boat (SURF)",5,3,4,4,2,3
"99","Tender (TEN)",27,30,27,35,38,34
